PLAYER NAME,AVG_ROUND_3_SCORING_AVERAGE,TOTAL STROKES_ROUND_3_SCORING_AVERAGE,TOTAL ROUNDS_ROUND_3_SCORING_AVERAGE,YEAR,AVG_SCORING_AVERAGE_BEFORE_CUT,TOTAL STROKES_SCORING_AVERAGE_BEFORE_CUT,TOTAL ROUNDS_SCORING_AVERAGE_BEFORE_CUT,ROUNDS_PUTTING,AVERAGE_PUTTING,TOTAL SG:PUTTING_PUTTING,MEASURED ROUNDS_PUTTING,ROUNDS_OFF-THE-TEE,AVERAGE_OFF-THE-TEE,TOTAL SG:OTT_OFF-THE-TEE,MEASURED ROUNDS_OFF-THE-TEE,ROUNDS_TEE-TO-GREEN,AVERAGE_TEE-TO-GREEN,SG:OTT_TEE-TO-GREEN,SG:APR_TEE-TO-GREEN,SG:ARG_TEE-TO-GREEN,MEASURED ROUNDS_TEE-TO-GREEN,AVG_FINAL_ROUND_SCORING_AVERAGE,TOTAL STROKES_FINAL_ROUND_SCORING_AVERAGE,TOTAL ROUNDS_FINAL_ROUND_SCORING_AVERAGE,ROUNDS_AROUND-THE-GREEN,AVERAGE_AROUND-THE-GREEN,TOTAL SG:ARG_AROUND-THE-GREEN,MEASURED ROUNDS_AROUND-THE-GREEN,ROUNDS_APPROACH-THE-GREEN,AVERAGE_APPROACH-THE-GREEN,TOTAL SG:APP_APPROACH-THE-GREEN,MEASURED ROUNDS_APPROACH-THE-GREEN,TOP 10_TOP_10_FINISHES,1ST_TOP_10_FINISHES,2ND_TOP_10_FINISHES,3RD_TOP_10_FINISHES,MONEY_CAREER_MONEY_LEADERS,RANK_OFFICIAL_WORLD_GOLF_RANKING,ALL-AROUND_RANKING_DIFF,OFFICIAL_WORLD_GOLF_RANKING_DIFF
Shane Lowry,67.75,271,4,2022,70.17,842,12,23.0,0.569,10.243,18.0,23.0,0.27,4.86,18.0,23.0,0.916,0.27,0.66,-0.015,18.0,67.75,271.0,4.0,23.0,-0.015,-0.27,18.0,23.0,0.66,11.878,18.0,1.0,0.0,1.0,0.0,12361938.0,35.0,-7.0,3.3000000000000114
Patrick Cantlay,68.0,340,5,2022,68.57,960,14,25.0,0.535,9.633,18.0,25.0,0.5,9.008,18.0,25.0,0.779,0.5,-0.177,0.455,18.0,68.8,344.0,5.0,25.0,0.455,8.187,18.0,25.0,-0.177,-3.181,18.0,4.0,0.0,1.0,0.0,24349470.0,5.0,-46.0,-5.149999999999977
Matt Fitzpatrick,68.0,408,6,2022,69.73,1046,15,29.0,0.539,8.627,16.0,29.0,0.409,6.538,16.0,29.0,1.514,0.409,0.635,0.47,16.0,70.17,421.0,6.0,29.0,0.47,7.524,16.0,29.0,0.635,10.157,16.0,4.0,0.0,0.0,0.0,8426341.0,24.0,-106.0,8.110000000000014
Justin Thomas,68.0,544,8,2022,67.63,1082,16,35.0,0.044,1.183,27.0,35.0,0.546,14.746,27.0,35.0,1.757,0.546,0.903,0.306,27.0,68.75,550.0,8.0,35.0,0.306,8.275,27.0,35.0,0.903,24.394,27.0,5.0,0.0,0.0,2.0,46382064.0,7.0,-26.0,7.920000000000016
Xander Schauffele,68.14,477,7,2022,69.63,1114,16,33.0,0.215,5.363,25.0,33.0,0.411,10.264,25.0,33.0,1.067,0.411,0.418,0.238,25.0,68.29,478.0,7.0,33.0,0.238,5.945,25.0,33.0,0.418,10.46,25.0,1.0,0.0,0.0,1.0,24313572.0,10.0,-2.0,-3.1499999999999773
Collin Morikawa,68.2,341,5,2022,69.5,834,12,26.0,0.424,7.628,18.0,26.0,0.614,11.055,18.0,26.0,0.937,0.614,0.609,-0.287,18.0,66.2,331.0,5.0,26.0,-0.287,-5.166,18.0,26.0,0.609,10.97,18.0,5.0,0.0,2.0,0.0,16968212.0,3.0,142.0,-6.419999999999959
Daniel Berger,68.25,273,4,2022,68.6,686,10,21.0,0.328,5.568,17.0,21.0,0.303,5.15,17.0,21.0,1.374,0.303,0.577,0.494,17.0,71.0,284.0,4.0,21.0,0.494,8.399,17.0,21.0,0.577,9.811,17.0,2.0,0.0,0.0,0.0,22987485.0,22.0,-9.0,-5.950000000000017
Jason Kokrak,68.29,478,7,2022,70.5,1269,18,35.0,0.424,13.576,32.0,35.0,-0.184,-5.885,32.0,35.0,-0.182,-0.184,0.16,-0.158,32.0,70.29,492.0,7.0,35.0,-0.158,-5.064,32.0,35.0,0.16,5.125,32.0,1.0,1.0,0.0,0.0,19962350.0,28.0,60.0,-5.02000000000001
Cameron Smith,68.33,410,6,2022,67.86,950,14,26.0,1.048,26.21,25.0,26.0,-0.206,-5.156,25.0,26.0,1.0,-0.206,0.809,0.396,25.0,67.0,402.0,6.0,26.0,0.396,9.908,25.0,26.0,0.809,20.23,25.0,4.0,2.0,0.0,0.0,22726511.0,6.0,-11.0,-6.930000000000007
Kevin Streelman,68.33,820,12,2022,70.75,2264,32,52.0,0.109,4.809,44.0,52.0,0.303,13.34,44.0,52.0,0.421,0.303,-0.193,0.31,44.0,70.8,708.0,10.0,52.0,0.31,13.644,44.0,52.0,-0.193,-8.487,44.0,1.0,0.0,0.0,0.0,24260891.0,88.0,-53.0,4.640000000000001
Tom Hoge,68.5,822,12,2022,69.09,2349,34,59.0,-0.103,-4.325,42.0,59.0,0.156,6.57,42.0,59.0,1.18,0.156,0.871,0.152,42.0,70.42,845.0,12.0,59.0,0.152,6.384,42.0,59.0,0.871,36.597,42.0,3.0,1.0,1.0,0.0,10522473.0,38.0,-28.0,-1.3199999999999932
Ben Kohles,68.5,411,6,2022,71.04,1847,26,35.0,-0.145,-2.471,17.0,35.0,-0.808,-13.733,17.0,35.0,-0.969,-0.808,-0.172,0.01,17.0,72.2,361.0,5.0,35.0,0.01,0.177,17.0,35.0,-0.172,-2.925,17.0,0.0,0.0,0.0,0.0,620499.0,462.0,-5.0,0.7400000000000002
Stewart Cink,68.67,412,6,2022,70.78,1628,23,33.0,-0.003,-0.078,30.0,33.0,-0.197,-5.911,30.0,33.0,-0.695,-0.197,-0.086,-0.412,30.0,70.0,350.0,5.0,33.0,-0.412,-12.36,30.0,33.0,-0.086,-2.584,30.0,1.0,0.0,0.0,0.0,42189517.0,71.0,-87.0,4.710000000000008
Luke Donald,68.67,412,6,2022,70.25,1686,24,33.0,-0.021,-0.426,20.0,33.0,-0.866,-17.317,20.0,33.0,0.156,-0.866,0.947,0.074,20.0,71.6,358.0,5.0,33.0,0.074,1.483,20.0,33.0,0.947,18.949,20.0,0.0,0.0,0.0,0.0,37031619.0,482.0,-65.0,3.8200000000000003
Talor Gooch,68.67,824,12,2022,68.83,1996,29,54.0,0.093,3.992,43.0,54.0,-0.168,-7.204,43.0,54.0,0.986,-0.168,0.632,0.521,43.0,69.18,761.0,11.0,54.0,0.521,22.391,43.0,54.0,0.632,27.179,43.0,4.0,1.0,0.0,0.0,8587166.0,33.0,-11.0,0.4000000000000057
Harold Varner III,68.67,412,6,2022,69.65,1393,20,34.0,0.06,1.614,27.0,34.0,-0.106,-2.865,27.0,34.0,0.398,-0.106,0.109,0.395,27.0,70.5,423.0,6.0,34.0,0.395,10.672,27.0,34.0,0.109,2.939,27.0,1.0,0.0,0.0,0.0,9332736.0,40.0,29.0,2.0800000000000125
Davis Riley,68.78,619,9,2022,69.63,2228,32,48.0,0.011,0.404,36.0,48.0,0.268,9.653,36.0,48.0,0.199,0.268,-0.069,0.0,36.0,71.78,646.0,9.0,48.0,0.0,-0.017,36.0,48.0,-0.069,-2.479,36.0,2.0,0.0,1.0,0.0,1393292.0,172.0,-42.0,30.389999999999997
Jonathan Byrd,68.8,344,5,2022,70.85,1417,20,27.0,0.238,3.091,13.0,27.0,-0.464,-6.031,13.0,27.0,-0.223,-0.464,-0.166,0.407,13.0,69.75,279.0,4.0,27.0,0.407,5.297,13.0,27.0,-0.166,-2.16,13.0,1.0,0.0,0.0,0.0,19854928.0,557.0,-42.0,-0.20000000000000107
Tommy Fleetwood,68.8,344,5,2022,69.92,839,12,25.0,0.461,8.289,18.0,25.0,0.203,3.655,18.0,25.0,0.602,0.203,-0.211,0.609,18.0,71.2,356.0,5.0,25.0,0.609,10.96,18.0,25.0,-0.211,-3.793,18.0,1.0,0.0,0.0,0.0,11747170.0,46.0,-79.0,1.1899999999999977
Scottie Scheffler,68.8,688,10,2022,69.17,1591,23,49.0,0.588,20.0,34.0,49.0,0.141,4.781,34.0,49.0,0.944,0.141,0.495,0.308,34.0,69.0,690.0,10.0,49.0,0.308,10.476,34.0,49.0,0.495,16.831,34.0,6.0,3.0,1.0,0.0,14901992.0,1.0,-17.0,65.26999999999998
Webb Simpson,68.8,344,5,2022,69.36,971,14,27.0,0.278,6.386,23.0,27.0,-0.178,-4.104,23.0,27.0,0.317,-0.178,0.131,0.364,23.0,68.8,344.0,5.0,27.0,0.364,8.376,23.0,27.0,0.131,3.01,23.0,1.0,0.0,0.0,0.0,43720611.0,39.0,45.0,-4.030000000000001
Justin Rose,68.83,413,6,2022,70.11,1262,18,31.0,0.292,5.257,18.0,31.0,0.167,3.013,18.0,31.0,-0.271,0.167,-0.223,-0.216,18.0,69.67,418.0,6.0,31.0,-0.216,-3.889,18.0,31.0,-0.223,-4.016,18.0,1.0,0.0,0.0,0.0,56373923.0,56.0,-33.0,-0.5
Sam Burns,68.88,551,8,2022,68.68,1511,22,38.0,0.385,14.249,37.0,38.0,0.157,5.794,37.0,38.0,1.098,0.157,0.724,0.218,37.0,69.63,557.0,8.0,38.0,0.218,8.052,37.0,38.0,0.724,26.78,37.0,5.0,2.0,0.0,0.0,11483789.0,11.0,-82.0,45.19999999999999
Seamus Power,68.89,620,9,2022,69.1,2073,30,51.0,0.355,11.714,33.0,51.0,0.246,8.117,33.0,51.0,0.225,0.246,0.011,-0.032,33.0,68.67,618.0,9.0,51.0,-0.032,-1.07,33.0,51.0,0.011,0.379,33.0,4.0,0.0,0.0,1.0,6183860.0,41.0,-13.0,12.519999999999996
Garrick Higgo,69.0,414,6,2022,71.25,1425,20,32.0,-0.323,-6.457,20.0,32.0,0.007,0.146,20.0,32.0,-0.258,0.007,-0.115,-0.151,20.0,72.83,437.0,6.0,32.0,-0.151,-3.015,20.0,32.0,-0.115,-2.294,20.0,0.0,0.0,0.0,0.0,1670423.0,82.0,43.0,-3.5900000000000034
Max Homa,69.0,552,8,2022,69.75,1395,20,39.0,0.255,8.665,34.0,39.0,0.421,14.299,34.0,39.0,0.871,0.421,0.433,0.017,34.0,69.88,559.0,8.0,39.0,0.017,0.589,34.0,39.0,0.433,14.724,34.0,2.0,1.0,0.0,0.0,10009860.0,37.0,-25.0,-2.930000000000007
Mackenzie Hughes,69.0,483,7,2022,69.65,1602,23,39.0,0.73,20.431,28.0,39.0,-0.241,-6.757,28.0,39.0,0.021,-0.241,-0.016,0.278,28.0,68.86,482.0,7.0,39.0,0.278,7.781,28.0,39.0,-0.016,-0.446,28.0,2.0,0.0,1.0,0.0,9446136.0,57.0,55.0,-0.0799999999999983
Kevin Na,69.0,207,3,2022,70.83,850,12,22.0,-0.057,-1.027,18.0,22.0,-0.571,-10.272,18.0,22.0,-0.677,-0.571,-0.001,-0.107,18.0,68.33,205.0,3.0,22.0,-0.107,-1.92,18.0,22.0,-0.001,-0.011,18.0,1.0,0.0,0.0,0.0,37139865.0,30.0,-37.0,2.8700000000000045
Lee Hodges,69.1,691,10,2022,70.68,2403,34,51.0,-0.562,-23.031,41.0,51.0,0.256,10.496,41.0,51.0,0.262,0.256,-0.138,0.145,41.0,72.33,651.0,9.0,51.0,0.145,5.932,41.0,51.0,-0.138,-5.674,41.0,2.0,0.0,0.0,1.0,976774.0,204.0,52.0,-1.1599999999999966
Brian Stuard,69.1,691,10,2022,70.5,2820,40,57.0,-0.158,-5.855,37.0,57.0,-0.364,-13.485,37.0,57.0,-0.148,-0.364,-0.012,0.228,37.0,71.11,640.0,9.0,57.0,0.228,8.432,37.0,57.0,-0.012,-0.431,37.0,2.0,0.0,0.0,0.0,11712043.0,220.0,-78.0,6.68
Jon Rahm,69.14,484,7,2022,68.88,1171,17,34.0,-0.115,-3.111,27.0,34.0,1.299,35.062,27.0,34.0,1.698,1.299,0.656,-0.257,27.0,70.14,491.0,7.0,34.0,-0.257,-6.939,27.0,34.0,0.656,17.709,27.0,4.0,0.0,1.0,1.0,31924652.0,2.0,-2.0,-5.939999999999998
Denny McCarthy,69.15,899,13,2022,69.71,2370,34,58.0,0.594,26.75,45.0,58.0,0.019,0.835,45.0,58.0,0.09,0.019,-0.139,0.211,45.0,69.77,907.0,13.0,58.0,0.211,9.474,45.0,58.0,-0.139,-6.257,45.0,2.0,0.0,0.0,0.0,5088597.0,151.0,-33.0,-0.269999999999996
Mito Pereira,69.17,830,12,2022,70.16,2175,31,53.0,0.102,4.401,43.0,53.0,0.361,15.508,43.0,53.0,0.958,0.361,0.619,-0.022,43.0,69.73,767.0,11.0,53.0,-0.022,-0.929,43.0,53.0,0.619,26.603,43.0,1.0,0.0,0.0,1.0,1569682.0,97.0,-12.0,-0.6599999999999966
Cameron Tringale,69.18,761,11,2022,70.27,2108,30,51.0,0.072,2.655,37.0,51.0,-0.233,-8.619,37.0,51.0,0.327,-0.233,0.354,0.206,37.0,69.89,629.0,9.0,51.0,0.206,7.64,37.0,51.0,0.354,13.081,37.0,3.0,0.0,1.0,1.0,16389256.0,52.0,12.0,-1.1400000000000006
Aaron Rai,69.2,692,10,2022,70.21,2387,34,51.0,-0.209,-7.3,35.0,51.0,0.106,3.715,35.0,51.0,0.4,0.106,0.356,-0.063,35.0,71.56,644.0,9.0,51.0,-0.063,-2.198,35.0,51.0,0.356,12.472,35.0,1.0,0.0,0.0,0.0,822802.0,115.0,-2.0,-2.6000000000000085
Viktor Hovland,69.25,554,8,2022,68.56,1234,18,37.0,0.282,8.446,30.0,37.0,0.588,17.653,30.0,37.0,0.77,0.588,1.019,-0.838,30.0,69.13,553.0,8.0,37.0,-0.838,-25.145,30.0,37.0,1.019,30.577,30.0,4.0,1.0,1.0,0.0,11401338.0,4.0,47.0,-3.319999999999993
Abraham Ancer,69.29,485,7,2022,69.43,1458,21,39.0,0.017,0.463,28.0,39.0,0.229,6.402,28.0,39.0,-0.257,0.229,-0.063,-0.423,28.0,70.43,493.0,7.0,39.0,-0.423,-11.838,28.0,39.0,-0.063,-1.762,28.0,2.0,0.0,0.0,0.0,14339916.0,16.0,-20.0,5.759999999999991
Jason Dufner,69.33,208,3,2022,71.95,1367,19,24.0,-0.257,-3.34,13.0,24.0,-0.222,-2.892,13.0,24.0,-0.494,-0.222,-0.067,-0.205,13.0,71.33,214.0,3.0,24.0,-0.205,-2.664,13.0,24.0,-0.067,-0.865,13.0,0.0,0.0,0.0,0.0,27739672.0,516.0,-114.0,-0.6400000000000006
Beau Hossler,69.33,416,6,2022,70.17,1614,23,34.0,0.856,24.822,29.0,34.0,-0.179,-5.179,29.0,34.0,-0.188,-0.179,-0.271,0.262,29.0,72.83,437.0,6.0,34.0,0.262,7.598,29.0,34.0,-0.271,-7.871,29.0,2.0,0.0,0.0,1.0,5806927.0,236.0,-101.0,-0.6900000000000048
Marc Leishman,69.33,624,9,2022,69.15,1383,20,41.0,0.571,21.129,37.0,41.0,0.072,2.671,37.0,41.0,0.582,0.072,0.353,0.157,37.0,68.78,619.0,9.0,41.0,0.157,5.792,37.0,41.0,0.353,13.056,37.0,3.0,0.0,0.0,1.0,34638519.0,43.0,-27.0,-3.0200000000000102
Louis Oosthuizen,69.33,416,6,2022,68.85,895,13,28.0,-0.008,-0.191,25.0,28.0,0.519,12.97,25.0,28.0,0.748,0.519,-0.147,0.376,25.0,70.5,423.0,6.0,28.0,0.376,9.4,25.0,28.0,-0.147,-3.672,25.0,0.0,0.0,0.0,0.0,28098634.0,15.0,98.0,-5.3300000000000125
Brandon Wu,69.33,416,6,2022,70.82,1983,28,36.0,0.185,3.334,18.0,36.0,-0.391,-7.03,18.0,36.0,-0.928,-0.391,-0.033,-0.505,18.0,70.5,282.0,4.0,36.0,-0.505,-9.081,18.0,36.0,-0.033,-0.597,18.0,1.0,0.0,0.0,1.0,581626.0,331.0,-81.0,0.990000000000002
Russell Henley,69.36,763,11,2022,68.39,1573,23,47.0,0.194,7.19,37.0,47.0,-0.074,-2.733,37.0,47.0,1.376,-0.074,1.105,0.345,37.0,68.82,757.0,11.0,47.0,0.345,12.751,37.0,47.0,1.105,40.895,37.0,2.0,0.0,1.0,0.0,19851739.0,42.0,-1.0,-3.719999999999999
Jhonattan Vegas,69.36,763,11,2022,69.59,1879,27,47.0,-0.01,-0.317,33.0,47.0,0.611,20.174,33.0,47.0,0.752,0.611,0.314,-0.174,33.0,70.4,704.0,10.0,47.0,-0.174,-5.737,33.0,47.0,0.314,10.369,33.0,1.0,0.0,0.0,0.0,15423122.0,86.0,-123.0,6.469999999999999
Billy Horschel,69.43,486,7,2022,68.75,1100,16,34.0,0.68,17.004,25.0,34.0,0.403,10.067,25.0,34.0,0.713,0.403,-0.009,0.32,25.0,69.43,486.0,7.0,34.0,0.32,7.997,25.0,34.0,-0.009,-0.232,25.0,3.0,0.0,1.0,0.0,30321742.0,13.0,-13.0,1.5599999999999739
Kevin Kisner,69.43,486,7,2022,70.33,1477,21,40.0,0.774,23.215,30.0,40.0,-0.173,-5.203,30.0,40.0,-0.114,-0.173,-0.233,0.292,30.0,67.5,405.0,6.0,40.0,0.292,8.751,30.0,40.0,-0.233,-6.975,30.0,4.0,0.0,1.0,1.0,28074004.0,27.0,6.0,41.640000000000015
Christiaan Bezuidenhout,69.44,625,9,2022,69.92,1678,24,43.0,-0.004,-0.097,27.0,43.0,0.227,6.137,27.0,43.0,0.614,0.227,0.136,0.251,27.0,70.33,633.0,9.0,43.0,0.251,6.774,27.0,43.0,0.136,3.665,27.0,0.0,0.0,0.0,0.0,1707435.0,61.0,23.0,-5.780000000000001
Danny Lee,69.5,417,6,2022,70.91,1560,22,32.0,-0.248,-4.959,20.0,32.0,0.026,0.52,20.0,32.0,-0.535,0.026,-0.132,-0.43,20.0,70.8,354.0,5.0,32.0,-0.43,-8.596,20.0,32.0,-0.132,-2.635,20.0,2.0,0.0,1.0,0.0,14748936.0,261.0,-37.0,-0.11000000000000654
Andrew Putnam,69.5,695,10,2022,70.18,2386,34,52.0,0.221,8.616,39.0,52.0,-0.382,-14.91,39.0,52.0,-0.034,-0.382,0.234,0.114,39.0,70.3,703.0,10.0,52.0,0.114,4.458,39.0,52.0,0.234,9.139,39.0,1.0,0.0,0.0,0.0,7954758.0,144.0,82.0,-1.5599999999999952
Robert Streb,69.5,556,8,2022,70.77,2194,31,45.0,0.117,4.323,37.0,45.0,-0.122,-4.508,37.0,45.0,-0.138,-0.122,-0.105,0.089,37.0,70.14,491.0,7.0,45.0,0.089,3.282,37.0,45.0,-0.105,-3.896,37.0,3.0,0.0,0.0,0.0,12530606.0,134.0,-36.0,5.68
Dylan Wu,69.5,556,8,2022,70.29,1968,28,41.0,0.303,7.578,25.0,41.0,-0.21,-5.241,25.0,41.0,-0.215,-0.21,0.108,-0.114,25.0,72.29,506.0,7.0,41.0,-0.114,-2.854,25.0,41.0,0.108,2.711,25.0,0.0,0.0,0.0,0.0,276378.0,371.0,77.0,-0.8200000000000003
Adam Hadwin,69.55,765,11,2022,69.4,2082,30,50.0,0.292,10.506,36.0,50.0,-0.033,-1.196,36.0,50.0,0.925,-0.033,0.612,0.346,36.0,69.64,766.0,11.0,50.0,0.346,12.444,36.0,50.0,0.612,22.039,36.0,4.0,0.0,0.0,0.0,14575297.0,105.0,-93.0,5.969999999999999
Matt Kuchar,69.56,626,9,2022,69.17,1591,23,39.0,0.609,19.476,32.0,39.0,-0.229,-7.337,32.0,39.0,0.235,-0.229,-0.138,0.602,32.0,69.5,556.0,8.0,39.0,0.602,19.252,32.0,39.0,-0.138,-4.412,32.0,2.0,0.0,1.0,0.0,54175440.0,148.0,-108.0,0.8800000000000026
Sebastián Muñoz,69.56,626,9,2022,70.74,1910,27,46.0,-0.449,-15.7,35.0,46.0,0.289,10.115,35.0,46.0,0.448,0.289,0.065,0.093,35.0,71.0,568.0,8.0,46.0,0.093,3.266,35.0,46.0,0.065,2.274,35.0,2.0,0.0,0.0,1.0,7942630.0,64.0,-40.0,-0.18000000000000682
Charles Howell III,69.57,487,7,2022,69.29,1455,21,34.0,-0.141,-3.806,27.0,34.0,0.301,8.12,27.0,34.0,0.792,0.301,0.038,0.453,27.0,70.71,495.0,7.0,34.0,0.453,12.23,27.0,34.0,0.038,1.031,27.0,1.0,0.0,0.0,0.0,41663833.0,226.0,-45.0,-1.4100000000000037
Maverick McNealy,69.58,835,12,2022,69.33,1872,27,53.0,0.354,13.796,39.0,53.0,0.418,16.292,39.0,53.0,0.655,0.418,0.317,-0.081,39.0,70.08,841.0,12.0,53.0,-0.081,-3.155,39.0,53.0,0.317,12.378,39.0,2.0,0.0,1.0,0.0,5415606.0,70.0,-25.0,3.219999999999999
Ryan Armour,69.6,348,5,2022,70.53,1340,19,28.0,-0.032,-0.477,15.0,28.0,0.437,6.559,15.0,28.0,0.286,0.437,0.215,-0.366,15.0,70.0,350.0,5.0,28.0,-0.366,-5.492,15.0,28.0,0.215,3.221,15.0,0.0,0.0,0.0,0.0,7316190.0,317.0,-68.0,0.7300000000000004
Alex Noren,69.6,696,10,2022,69.61,1601,23,44.0,0.416,12.075,29.0,44.0,-0.006,-0.171,29.0,44.0,0.43,-0.006,0.287,0.148,29.0,69.89,629.0,9.0,44.0,0.148,4.298,29.0,44.0,0.287,8.327,29.0,2.0,0.0,0.0,0.0,9205174.0,55.0,-83.0,7.090000000000003
Patrick Reed,69.63,557,8,2022,70.76,1769,25,43.0,0.447,12.962,29.0,43.0,-0.797,-23.122,29.0,43.0,-1.336,-0.797,-0.647,0.108,29.0,70.88,567.0,8.0,43.0,0.108,3.122,29.0,43.0,-0.647,-18.757,29.0,1.0,0.0,1.0,0.0,36545952.0,31.0,-16.0,-3.5900000000000034
Cam Davis,69.67,418,6,2022,70.71,1697,24,36.0,-0.064,-2.189,34.0,36.0,-0.054,-1.83,34.0,36.0,-0.171,-0.054,-0.007,-0.111,34.0,68.83,413.0,6.0,36.0,-0.111,-3.768,34.0,36.0,-0.007,-0.222,34.0,1.0,0.0,0.0,0.0,4588481.0,95.0,-27.0,-2.8500000000000085
Matt Jones,69.67,627,9,2022,70.32,2180,31,47.0,-0.137,-5.059,37.0,47.0,0.156,5.755,37.0,47.0,0.74,0.156,0.027,0.557,37.0,68.5,548.0,8.0,47.0,0.557,20.611,37.0,47.0,0.027,0.984,37.0,2.0,0.0,1.0,1.0,17135503.0,83.0,-99.0,-2.3499999999999943
Luke List,69.67,627,9,2022,69.67,1881,27,47.0,-0.827,-28.11,34.0,47.0,0.67,22.778,34.0,47.0,1.699,0.67,0.576,0.453,34.0,68.89,620.0,9.0,47.0,0.453,15.419,34.0,47.0,0.576,19.57,34.0,3.0,1.0,0.0,0.0,11326475.0,58.0,64.0,0.5099999999999909
Camilo Villegas,69.67,418,6,2022,70.89,1985,28,38.0,-0.838,-16.756,20.0,38.0,-0.248,-4.952,20.0,38.0,-0.001,-0.248,-0.031,0.277,20.0,72.0,432.0,6.0,38.0,0.277,5.539,20.0,38.0,-0.031,-0.612,20.0,0.0,0.0,0.0,0.0,20672548.0,391.0,35.0,-0.8000000000000007
Keegan Bradley,69.7,697,10,2022,70.08,1822,26,49.0,-0.187,-6.719,36.0,49.0,0.423,15.224,36.0,49.0,1.253,0.423,0.523,0.307,36.0,69.2,692.0,10.0,49.0,0.307,11.051,36.0,49.0,0.523,18.829,36.0,3.0,0.0,0.0,0.0,29894261.0,69.0,-63.0,-0.539999999999992
Chris Kirk,69.73,767,11,2022,69.61,1949,28,46.0,0.026,0.861,33.0,46.0,0.378,12.46,33.0,46.0,1.245,0.378,0.375,0.492,33.0,70.11,631.0,9.0,46.0,0.492,16.224,33.0,46.0,0.375,12.39,33.0,2.0,0.0,0.0,0.0,20726557.0,85.0,-23.0,-2.3400000000000034
Sungjae Im,69.8,698,10,2022,68.92,1723,25,47.0,0.331,13.564,41.0,47.0,0.524,21.503,41.0,47.0,1.116,0.524,0.101,0.49,41.0,68.7,687.0,10.0,47.0,0.49,20.096,41.0,47.0,0.101,4.131,41.0,4.0,1.0,0.0,0.0,13978266.0,26.0,-7.0,-5.289999999999992
Hideki Matsuyama,69.8,698,10,2022,68.76,1444,21,41.0,-0.204,-7.359,36.0,41.0,0.229,8.229,36.0,41.0,1.167,0.229,0.717,0.22,36.0,68.0,680.0,10.0,41.0,0.22,7.932,36.0,41.0,0.717,25.821,36.0,4.0,2.0,0.0,0.0,38541759.0,12.0,24.0,-7.949999999999989
Tony Finau,69.83,419,6,2022,70.62,1483,21,35.0,-0.572,-14.299,25.0,35.0,0.285,7.117,25.0,35.0,0.651,0.285,0.621,-0.256,25.0,67.67,406.0,6.0,35.0,-0.256,-6.394,25.0,35.0,0.621,15.529,25.0,0.0,0.0,0.0,0.0,25767181.0,23.0,18.0,-7.950000000000017
Emiliano Grillo,69.83,419,6,2022,71.06,2203,31,42.0,-0.248,-7.432,30.0,42.0,0.387,11.624,30.0,42.0,-0.033,0.387,-0.159,-0.262,30.0,69.83,419.0,6.0,42.0,-0.262,-7.845,30.0,42.0,-0.159,-4.77,30.0,0.0,0.0,0.0,0.0,12837579.0,116.0,94.0,-2.5600000000000023
Nick Hardy,69.83,419,6,2022,70.81,1841,26,35.0,-0.267,-5.601,21.0,35.0,0.395,8.294,21.0,35.0,-0.35,0.395,-0.223,-0.523,21.0,70.6,353.0,5.0,35.0,-0.523,-10.975,21.0,35.0,-0.223,-4.677,21.0,0.0,0.0,0.0,0.0,335462.0,434.0,40.0,-1.0599999999999987
Trey Mullinax,69.83,419,6,2022,70.94,2270,32,42.0,-0.33,-9.903,30.0,42.0,0.548,16.448,30.0,42.0,0.182,0.548,-0.345,-0.021,30.0,69.17,415.0,6.0,42.0,-0.021,-0.623,30.0,42.0,-0.345,-10.364,30.0,1.0,0.0,0.0,0.0,2967657.0,311.0,114.0,-0.8599999999999994
Martin Laird,69.86,489,7,2022,70.23,1545,22,36.0,-0.46,-14.268,31.0,36.0,0.263,8.158,31.0,36.0,0.994,0.263,0.547,0.183,31.0,70.71,495.0,7.0,36.0,0.183,5.673,31.0,36.0,0.547,16.97,31.0,0.0,0.0,0.0,0.0,20079165.0,139.0,49.0,-2.0400000000000063
Taylor Moore,69.86,489,7,2022,71.07,2132,30,42.0,-0.108,-3.901,36.0,42.0,0.147,5.306,36.0,42.0,-0.059,0.147,-0.304,0.098,36.0,70.43,493.0,7.0,42.0,0.098,3.523,36.0,42.0,-0.304,-10.941,36.0,1.0,0.0,0.0,0.0,675365.0,149.0,105.0,-1.5900000000000034
Adam Scott,69.86,489,7,2022,69.38,1110,16,34.0,0.602,17.46,29.0,34.0,0.111,3.223,29.0,34.0,0.265,0.111,0.374,-0.221,29.0,70.0,490.0,7.0,34.0,-0.221,-6.407,29.0,34.0,0.374,10.857,29.0,3.0,0.0,0.0,0.0,58272599.0,36.0,-48.0,4.819999999999993
Will Zalatoris,69.88,559,8,2022,69.24,1454,21,41.0,-0.3,-8.11,27.0,41.0,0.631,17.039,27.0,41.0,1.767,0.631,1.048,0.089,27.0,71.0,568.0,8.0,41.0,0.089,2.395,27.0,41.0,1.048,28.286,27.0,3.0,0.0,1.0,0.0,5641189.0,29.0,-17.0,9.580000000000013
Troy Merritt,69.91,769,11,2022,69.64,1950,28,47.0,0.395,13.419,34.0,47.0,0.02,0.673,34.0,47.0,0.187,0.02,0.281,-0.114,34.0,71.4,714.0,10.0,47.0,-0.114,-3.862,34.0,47.0,0.281,9.544,34.0,2.0,0.0,0.0,0.0,12386325.0,98.0,-43.0,-1.0
Scott Stallings,69.91,769,11,2022,70.41,2394,34,52.0,0.509,20.379,40.0,52.0,-0.052,-2.07,40.0,52.0,-0.05,-0.052,-0.202,0.204,40.0,70.44,634.0,9.0,52.0,0.204,8.177,40.0,52.0,-0.202,-8.099,40.0,2.0,0.0,0.0,0.0,13757002.0,194.0,-54.0,2.6200000000000045
Si Woo Kim,69.92,839,12,2022,69.43,1944,28,54.0,-0.19,-8.366,44.0,54.0,0.483,21.264,44.0,54.0,0.442,0.483,-0.106,0.064,44.0,70.5,846.0,12.0,54.0,0.064,2.806,44.0,54.0,-0.106,-4.659,44.0,1.0,0.0,0.0,0.0,16005285.0,54.0,-75.0,1.0900000000000034
Russell Knox,69.92,909,13,2022,69.44,2361,34,57.0,-0.572,-26.301,46.0,57.0,0.252,11.606,46.0,57.0,0.935,0.252,0.627,0.056,46.0,70.83,850.0,12.0,57.0,0.056,2.587,46.0,57.0,0.627,28.821,46.0,2.0,0.0,0.0,0.0,16316773.0,169.0,17.0,-0.9299999999999997
Sahith Theegala,69.92,909,13,2022,69.67,2508,36,59.0,-0.111,-4.991,45.0,59.0,0.049,2.217,45.0,59.0,0.361,0.049,0.112,0.2,45.0,72.5,870.0,12.0,59.0,0.2,9.007,45.0,59.0,0.112,5.026,45.0,3.0,0.0,0.0,1.0,1348085.0,124.0,-90.0,8.870000000000005
Paul Barjon,70.0,420,6,2022,71.18,1993,28,37.0,-0.242,-7.021,29.0,37.0,0.313,9.071,29.0,37.0,-0.183,0.313,-0.064,-0.432,29.0,70.8,354.0,5.0,37.0,-0.432,-12.52,29.0,37.0,-0.064,-1.852,29.0,1.0,0.0,0.0,0.0,404232.0,326.0,39.0,-1.0600000000000023
Joel Dahmen,70.0,770,11,2022,69.29,1940,28,49.0,-0.048,-1.919,40.0,49.0,0.228,9.107,40.0,49.0,0.233,0.228,0.32,-0.315,40.0,70.09,771.0,11.0,49.0,-0.315,-12.596,40.0,49.0,0.32,12.815,40.0,2.0,0.0,0.0,0.0,8365543.0,100.0,9.0,-1.4299999999999926
Jason Day,70.0,350,5,2022,70.2,1404,20,28.0,0.176,3.871,22.0,28.0,-0.254,-5.579,22.0,28.0,-0.408,-0.254,-0.22,0.066,22.0,70.2,351.0,5.0,28.0,0.066,1.444,22.0,28.0,-0.22,-4.841,22.0,1.0,0.0,0.0,1.0,49578815.0,104.0,98.0,-2.8400000000000034
Mark Hubbard,70.0,420,6,2022,69.47,1320,19,30.0,0.253,4.295,17.0,30.0,-0.278,-4.72,17.0,30.0,0.357,-0.278,0.328,0.306,17.0,70.0,420.0,6.0,30.0,0.306,5.206,17.0,30.0,0.328,5.582,17.0,0.0,0.0,0.0,0.0,4208786.0,284.0,12.0,0.4799999999999969
Joaquin Niemann,70.0,490,7,2022,68.65,1373,20,37.0,-0.106,-2.545,24.0,37.0,0.358,8.594,24.0,37.0,1.416,0.358,0.543,0.514,24.0,69.14,484.0,7.0,37.0,0.514,12.342,24.0,37.0,0.543,13.03,24.0,3.0,1.0,0.0,0.0,12577020.0,20.0,-27.0,-3.3200000000000216
C.T. Pan,70.0,700,10,2022,70.44,1902,27,45.0,-0.008,-0.268,34.0,45.0,-0.067,-2.266,34.0,45.0,0.449,-0.067,0.2,0.315,34.0,70.56,635.0,9.0,45.0,0.315,10.7,34.0,45.0,0.2,6.817,34.0,2.0,0.0,0.0,0.0,8080886.0,131.0,2.0,-0.5300000000000011
J.J. Spaun,70.0,910,13,2022,69.64,2507,36,60.0,0.185,8.501,46.0,60.0,0.204,9.393,46.0,60.0,0.323,0.204,0.111,0.008,46.0,70.38,915.0,13.0,60.0,0.008,0.351,46.0,60.0,0.111,5.114,46.0,2.0,1.0,0.0,0.0,7292125.0,242.0,-147.0,1.490000000000002
Gary Woodland,70.0,490,7,2022,70.28,1757,25,37.0,0.334,10.689,32.0,37.0,0.113,3.623,32.0,37.0,0.704,0.113,0.508,0.082,32.0,69.5,417.0,6.0,37.0,0.082,2.626,32.0,37.0,0.508,16.255,32.0,4.0,0.0,0.0,0.0,30543418.0,92.0,-34.0,0.5300000000000011
Nate Lashley,70.1,701,10,2022,70.22,2247,32,49.0,0.193,6.577,34.0,49.0,0.035,1.184,34.0,49.0,0.199,0.035,0.088,0.076,34.0,69.11,622.0,9.0,49.0,0.076,2.593,34.0,49.0,0.088,2.978,34.0,1.0,0.0,0.0,0.0,4844820.0,306.0,-47.0,2.9899999999999984
Brian Harman,70.11,631,9,2022,69.27,1801,26,44.0,0.26,8.838,34.0,44.0,0.071,2.413,34.0,44.0,-0.013,0.071,-0.11,0.026,34.0,70.0,560.0,8.0,44.0,0.026,0.88,34.0,44.0,-0.11,-3.746,34.0,2.0,0.0,0.0,1.0,21522033.0,51.0,-130.0,9.83999999999999
Sergio Garcia,70.2,351,5,2022,69.5,834,12,25.0,0.456,8.212,18.0,25.0,0.793,14.271,18.0,25.0,0.22,0.793,-0.497,-0.077,18.0,70.6,353.0,5.0,25.0,-0.077,-1.384,18.0,25.0,-0.497,-8.94,18.0,1.0,0.0,0.0,0.0,54164770.0,50.0,-24.0,-0.8400000000000034
James Hahn,70.2,351,5,2022,70.76,1769,25,33.0,-0.888,-19.532,22.0,33.0,0.232,5.111,22.0,33.0,0.335,0.232,-0.143,0.246,22.0,72.25,289.0,4.0,33.0,0.246,5.403,22.0,33.0,-0.143,-3.149,22.0,0.0,0.0,0.0,0.0,11198878.0,307.0,79.0,-1.3099999999999987
Tyrrell Hatton,70.2,351,5,2022,68.92,827,12,26.0,1.168,21.027,18.0,26.0,-0.051,-0.919,18.0,26.0,0.371,-0.051,0.303,0.118,18.0,70.2,351.0,5.0,26.0,0.118,2.13,18.0,26.0,0.303,5.448,18.0,2.0,0.0,1.0,0.0,11988553.0,18.0,-61.0,3.460000000000008
Hudson Swafford,70.22,632,9,2022,70.61,2330,33,50.0,-0.149,-5.66,38.0,50.0,0.141,5.35,38.0,50.0,-0.102,0.141,0.441,-0.684,38.0,69.22,623.0,9.0,50.0,-0.684,-26.007,38.0,50.0,0.441,16.761,38.0,1.0,1.0,0.0,0.0,9519056.0,77.0,-78.0,-1.759999999999991
Tyler Duncan,70.25,562,8,2022,70.43,1972,28,41.0,-0.275,-6.609,24.0,41.0,0.249,5.97,24.0,41.0,0.599,0.249,0.138,0.212,24.0,69.43,486.0,7.0,41.0,0.212,5.096,24.0,41.0,0.138,3.316,24.0,0.0,0.0,0.0,0.0,4176327.0,421.0,47.0,1.0399999999999991
Harry Higgs,70.25,562,8,2022,70.55,2187,31,46.0,0.293,11.119,38.0,46.0,-0.1,-3.794,38.0,46.0,-0.776,-0.1,-0.619,-0.058,38.0,71.0,568.0,8.0,46.0,-0.058,-2.196,38.0,46.0,-0.619,-23.524,38.0,1.0,0.0,0.0,0.0,3535298.0,157.0,-3.0,-0.37999999999999545
Tyler McCumber,70.25,281,4,2022,71.75,1722,24,28.0,0.098,1.766,18.0,28.0,-0.528,-9.511,18.0,28.0,-1.353,-0.528,-0.468,-0.355,18.0,68.0,136.0,2.0,28.0,-0.355,-6.399,18.0,28.0,-0.468,-8.433,18.0,1.0,0.0,0.0,0.0,1702944.0,342.0,-28.0,-1.0899999999999999
Cameron Young,70.25,562,8,2022,69.16,1729,25,43.0,0.332,11.953,36.0,43.0,0.776,27.931,36.0,43.0,0.7,0.776,-0.063,-0.013,36.0,69.88,559.0,8.0,43.0,-0.013,-0.453,36.0,43.0,-0.063,-2.284,36.0,2.0,0.0,2.0,0.0,2309114.0,47.0,-27.0,0.730000000000004
Lucas Glover,70.27,773,11,2022,70.04,1961,28,47.0,-0.545,-22.897,42.0,47.0,0.187,7.841,42.0,47.0,0.354,0.187,0.389,-0.222,42.0,71.1,711.0,10.0,47.0,-0.222,-9.312,42.0,47.0,0.389,16.338,42.0,1.0,0.0,0.0,0.0,26752417.0,101.0,-38.0,-2.25
Kramer Hickok,70.33,633,9,2022,70.36,2322,33,49.0,0.279,8.914,32.0,49.0,0.119,3.792,32.0,49.0,-0.139,0.119,0.024,-0.282,32.0,70.5,564.0,8.0,49.0,-0.282,-9.017,32.0,49.0,0.024,0.772,32.0,1.0,0.0,0.0,0.0,2888961.0,135.0,-24.0,2.9200000000000017
Brooks Koepka,70.33,422,6,2022,70.18,1544,22,39.0,0.134,4.157,31.0,39.0,0.197,6.108,31.0,39.0,0.032,0.197,-0.004,-0.161,31.0,68.83,413.0,6.0,39.0,-0.161,-4.997,31.0,39.0,-0.004,-0.135,31.0,2.0,0.0,0.0,1.0,37919900.0,19.0,-118.0,13.349999999999994
Jordan Spieth,70.33,422,6,2022,69.71,1185,17,31.0,-0.397,-9.934,25.0,31.0,0.273,6.82,25.0,31.0,0.684,0.273,0.322,0.088,25.0,69.0,414.0,6.0,31.0,0.088,2.201,25.0,31.0,0.322,8.062,25.0,1.0,0.0,1.0,0.0,49138855.0,17.0,22.0,-4.460000000000008
Matt Wallace,70.33,211,3,2022,72.45,1449,20,26.0,-0.43,-9.036,21.0,26.0,-0.751,-15.777,21.0,26.0,-1.53,-0.751,-0.608,-0.17,21.0,69.33,208.0,3.0,26.0,-0.17,-3.579,21.0,26.0,-0.608,-12.763,21.0,1.0,0.0,0.0,0.0,4091320.0,110.0,42.0,-3.1400000000000006
Wesley Bryan,70.4,352,5,2022,71.67,1075,15,23.0,0.044,0.57,13.0,23.0,-1.057,-13.739,13.0,23.0,-0.689,-1.057,0.454,-0.086,13.0,70.5,282.0,4.0,23.0,-0.086,-1.116,13.0,23.0,0.454,5.896,13.0,0.0,0.0,0.0,0.0,3812041.0,488.0,-9.0,1.4499999999999993
Cameron Champ,70.4,352,5,2022,72.0,1296,18,24.0,-0.287,-5.449,19.0,24.0,0.48,9.127,19.0,24.0,-0.295,0.48,-0.509,-0.266,19.0,74.67,224.0,3.0,24.0,-0.266,-5.05,19.0,24.0,-0.509,-9.675,19.0,0.0,0.0,0.0,0.0,6225664.0,127.0,-1.0,-2.6500000000000057
Dylan Frittelli,70.4,704,10,2022,70.79,2407,34,51.0,-0.001,-0.039,39.0,51.0,-0.25,-9.744,39.0,51.0,0.081,-0.25,0.201,0.13,39.0,71.11,640.0,9.0,51.0,0.13,5.069,39.0,51.0,0.201,7.837,39.0,1.0,0.0,0.0,0.0,5761266.0,119.0,-97.0,-2.3599999999999994
Rickie Fowler,70.43,493,7,2022,70.61,1624,23,35.0,-0.432,-10.367,24.0,35.0,0.096,2.311,24.0,35.0,0.409,0.096,0.109,0.203,24.0,71.5,429.0,6.0,35.0,0.203,4.877,24.0,35.0,0.109,2.614,24.0,1.0,0.0,0.0,1.0,40699234.0,130.0,30.0,-2.4399999999999977
Matthew Wolff,70.43,493,7,2022,70.89,1347,19,34.0,0.464,11.146,24.0,34.0,-0.182,-4.36,24.0,34.0,-0.587,-0.182,-0.573,0.168,24.0,70.5,423.0,6.0,34.0,0.168,4.033,24.0,34.0,-0.573,-13.755,24.0,2.0,0.0,1.0,0.0,7502032.0,45.0,-36.0,-5.310000000000002
Chad Ramey,70.44,634,9,2022,70.34,2251,32,46.0,-0.209,-5.855,28.0,46.0,-0.406,-11.368,28.0,46.0,-0.26,-0.406,0.346,-0.199,28.0,70.71,495.0,7.0,46.0,-0.199,-5.58,28.0,46.0,0.346,9.683,28.0,2.0,1.0,0.0,0.0,1130842.0,118.0,-69.0,21.849999999999994
Taylor Pendrith,70.45,775,11,2022,69.81,2234,32,51.0,-0.08,-3.138,39.0,51.0,0.466,18.175,39.0,51.0,0.307,0.466,-0.147,-0.012,39.0,71.2,712.0,10.0,51.0,-0.012,-0.456,39.0,51.0,-0.147,-5.741,39.0,1.0,0.0,0.0,0.0,1238583.0,196.0,-38.0,-1.5499999999999972
Paul Casey,70.5,282,4,2022,69.1,691,10,21.0,0.096,1.725,18.0,21.0,-0.2,-3.597,18.0,21.0,0.705,-0.2,0.893,0.011,18.0,72.75,291.0,4.0,21.0,0.011,0.194,18.0,21.0,0.893,16.077,18.0,1.0,0.0,0.0,1.0,36584416.0,25.0,-31.0,-6.189999999999998
Lucas Herbert,70.5,282,4,2022,71.11,1280,18,29.0,0.82,16.399,20.0,29.0,-0.573,-11.465,20.0,29.0,-1.427,-0.573,-1.114,0.261,20.0,71.75,287.0,4.0,29.0,0.261,5.223,20.0,29.0,-1.114,-22.289,20.0,2.0,1.0,0.0,0.0,2196315.0,44.0,-3.0,1.0499999999999972
Patton Kizzire,70.5,705,10,2022,69.87,2166,31,50.0,0.042,1.759,42.0,50.0,-0.047,-1.958,42.0,50.0,0.25,-0.047,0.41,-0.114,42.0,70.6,706.0,10.0,50.0,-0.114,-4.808,42.0,50.0,0.41,17.24,42.0,1.0,0.0,0.0,0.0,10309927.0,117.0,31.0,0.09000000000000341
Keith Mitchell,70.5,705,10,2022,69.07,1865,27,49.0,0.173,6.573,38.0,49.0,0.815,30.961,38.0,49.0,1.026,0.815,0.003,0.207,38.0,68.8,688.0,10.0,49.0,0.207,7.88,38.0,49.0,0.003,0.116,38.0,4.0,0.0,0.0,1.0,8765856.0,68.0,-21.0,0.9499999999999886
Ryan Moore,70.5,282,4,2022,70.06,1261,18,23.0,-0.42,-7.136,17.0,23.0,-0.251,-4.269,17.0,23.0,0.327,-0.251,0.495,0.084,17.0,72.0,216.0,3.0,23.0,0.084,1.42,17.0,23.0,0.495,8.417,17.0,0.0,0.0,0.0,0.0,32300775.0,328.0,-3.0,-0.9800000000000004
Ian Poulter,70.5,282,4,2022,70.63,1130,16,27.0,-0.001,-0.011,22.0,27.0,-0.139,-3.051,22.0,27.0,0.243,-0.139,0.067,0.314,22.0,72.25,289.0,4.0,27.0,0.314,6.899,22.0,27.0,0.067,1.481,22.0,0.0,0.0,0.0,0.0,28027807.0,67.0,41.0,-1.8299999999999983
Martin Trainer,70.5,423,6,2022,71.28,2566,36,45.0,0.742,21.524,29.0,45.0,-0.335,-9.714,29.0,45.0,-1.523,-0.335,-1.026,-0.161,29.0,71.0,355.0,5.0,45.0,-0.161,-4.68,29.0,45.0,-1.026,-29.765,29.0,2.0,0.0,0.0,0.0,1308618.0,470.0,-76.0,3.3500000000000014
Aaron Wise,70.5,564,8,2022,69.54,1669,24,40.0,-0.26,-9.086,35.0,40.0,0.405,14.167,35.0,40.0,0.901,0.405,0.421,0.075,35.0,69.88,559.0,8.0,40.0,0.075,2.611,35.0,40.0,0.421,14.725,35.0,2.0,0.0,0.0,0.0,8409089.0,90.0,19.0,-2.489999999999995
K.H. Lee,70.55,776,11,2022,70.11,1893,27,48.0,-0.101,-4.238,42.0,48.0,0.32,13.42,42.0,48.0,0.169,0.32,-0.17,0.02,42.0,70.27,773.0,11.0,48.0,0.02,0.821,42.0,48.0,-0.17,-7.141,42.0,0.0,0.0,0.0,0.0,5622183.0,79.0,99.0,-2.780000000000001
Hank Lebioda,70.67,424,6,2022,71.06,2345,33,44.0,0.095,3.044,32.0,44.0,-0.384,-12.279,32.0,44.0,-0.545,-0.384,0.023,-0.184,32.0,71.67,430.0,6.0,44.0,-0.184,-5.876,32.0,44.0,0.023,0.728,32.0,0.0,0.0,0.0,0.0,2631503.0,257.0,146.0,-1.2399999999999949
Chez Reavie,70.7,707,10,2022,71.0,2201,31,47.0,-0.518,-19.17,37.0,47.0,-0.315,-11.671,37.0,47.0,-0.1,-0.315,0.24,-0.025,37.0,71.25,570.0,8.0,47.0,-0.025,-0.928,37.0,47.0,0.24,8.895,37.0,1.0,0.0,0.0,0.0,17904603.0,210.0,-30.0,-0.13000000000000256
Sepp Straka,70.7,707,10,2022,70.85,2338,33,55.0,0.295,10.621,36.0,55.0,0.058,2.104,36.0,55.0,-0.218,0.058,-0.097,-0.18,36.0,69.3,693.0,10.0,55.0,-0.18,-6.476,36.0,55.0,-0.097,-3.482,36.0,2.0,1.0,0.0,0.0,5691700.0,72.0,-29.0,0.9299999999999926
Brendon Todd,70.7,707,10,2022,70.5,2115,30,47.0,0.714,24.279,34.0,47.0,-0.478,-16.256,34.0,47.0,-0.317,-0.478,-0.108,0.269,34.0,70.0,630.0,9.0,47.0,0.269,9.153,34.0,47.0,-0.108,-3.671,34.0,1.0,0.0,0.0,0.0,12164886.0,162.0,-54.0,-2.6999999999999957
Charley Hoffman,70.71,495,7,2022,70.78,1628,23,37.0,-0.334,-10.007,30.0,37.0,-0.346,-10.366,30.0,37.0,-0.587,-0.346,-0.43,0.188,30.0,71.29,499.0,7.0,37.0,0.188,5.631,30.0,37.0,-0.43,-12.892,30.0,0.0,0.0,0.0,0.0,32170056.0,108.0,56.0,-3.1500000000000057
Vince Whaley,70.73,778,11,2022,70.24,2388,34,53.0,0.33,11.542,35.0,53.0,-0.043,-1.499,35.0,53.0,-0.69,-0.043,-0.445,-0.202,35.0,71.1,711.0,10.0,53.0,-0.202,-7.082,35.0,53.0,-0.445,-15.58,35.0,1.0,0.0,0.0,0.0,1508561.0,293.0,-71.0,-1.2800000000000011
Corey Conners,70.78,637,9,2022,69.48,1598,23,46.0,0.02,0.691,35.0,46.0,0.704,24.657,35.0,46.0,1.113,0.704,0.381,0.028,35.0,69.0,552.0,8.0,46.0,0.028,0.974,35.0,46.0,0.381,13.338,35.0,1.0,0.0,0.0,1.0,10905067.0,32.0,-4.0,25.19999999999999
Wyndham Clark,70.8,708,10,2022,70.07,2102,30,47.0,0.362,11.946,33.0,47.0,0.012,0.384,33.0,47.0,-0.597,0.012,-0.431,-0.178,33.0,71.56,644.0,9.0,47.0,-0.178,-5.868,33.0,47.0,-0.431,-14.215,33.0,0.0,0.0,0.0,0.0,3842221.0,278.0,96.0,-0.5600000000000023
Nick Taylor,70.82,779,11,2022,70.53,2257,32,52.0,-0.09,-3.344,37.0,52.0,0.032,1.193,37.0,52.0,0.081,0.032,0.001,0.048,37.0,70.73,778.0,11.0,52.0,0.048,1.792,37.0,52.0,0.001,0.026,37.0,0.0,0.0,0.0,0.0,8083292.0,229.0,24.0,-0.7199999999999989
Carlos Ortiz,70.86,496,7,2022,70.48,1762,25,37.0,-0.083,-2.323,28.0,37.0,-0.024,-0.677,28.0,37.0,-0.332,-0.024,0.3,-0.608,28.0,69.33,416.0,6.0,37.0,-0.608,-17.02,28.0,37.0,0.3,8.389,28.0,1.0,0.0,1.0,0.0,7645503.0,78.0,-14.0,-3.8599999999999994
Erik van Rooyen,70.86,496,7,2022,69.89,1258,18,35.0,-0.346,-9.68,28.0,35.0,0.034,0.939,28.0,35.0,0.196,0.034,0.581,-0.419,28.0,70.14,491.0,7.0,35.0,-0.419,-11.722,28.0,35.0,0.581,16.259,28.0,0.0,0.0,0.0,0.0,3686366.0,62.0,-36.0,-3.280000000000001
Patrick Rodgers,70.89,638,9,2022,70.63,2260,32,47.0,0.227,7.5,33.0,47.0,-0.159,-5.248,33.0,47.0,-0.034,-0.159,0.006,0.119,33.0,71.88,575.0,8.0,47.0,0.119,3.917,33.0,47.0,0.006,0.201,33.0,2.0,0.0,0.0,0.0,8759343.0,250.0,46.0,-1.0799999999999983
Greyson Sigg,70.92,851,12,2022,69.97,2379,34,56.0,0.06,2.263,38.0,56.0,-0.073,-2.791,38.0,56.0,-0.12,-0.073,0.088,-0.134,38.0,70.58,847.0,12.0,56.0,-0.134,-5.089,38.0,56.0,0.088,3.33,38.0,0.0,0.0,0.0,0.0,636456.0,166.0,-67.0,0.45000000000000284
Dustin Johnson,71.0,284,4,2022,70.1,701,10,25.0,0.128,2.171,17.0,25.0,0.5,8.494,17.0,25.0,0.678,0.5,0.456,-0.278,17.0,68.0,272.0,4.0,25.0,-0.278,-4.727,17.0,25.0,0.456,7.751,17.0,2.0,0.0,0.0,0.0,73926508.0,8.0,-125.58855799373043,10.539999999999992
Matthew NeSmith,71.0,781,11,2022,70.59,2400,34,52.0,-0.23,-9.219,40.0,52.0,0.131,5.259,40.0,52.0,0.491,0.131,0.441,-0.081,40.0,70.0,630.0,9.0,52.0,-0.081,-3.251,40.0,52.0,0.441,17.637,40.0,1.0,0.0,0.0,1.0,2727043.0,177.0,-117.0,17.019999999999996
Ryan Palmer,71.0,568,8,2022,70.48,1621,23,37.0,-0.697,-18.118,26.0,37.0,0.437,11.374,26.0,37.0,0.739,0.437,0.21,0.092,26.0,70.43,493.0,7.0,37.0,0.092,2.385,26.0,37.0,0.21,5.452,26.0,0.0,0.0,0.0,0.0,31540536.0,75.0,14.0,-4.740000000000009
Cameron Percy,71.0,284,4,2022,70.93,1064,15,21.0,-0.093,-0.841,9.0,21.0,-0.312,-2.807,9.0,21.0,-0.943,-0.312,-0.199,-0.432,9.0,69.0,207.0,3.0,21.0,-0.432,-3.892,9.0,21.0,-0.199,-1.788,9.0,2.0,0.0,0.0,0.0,4622885.0,325.0,-36.0,5.859999999999999
Rory Sabbatini,71.0,355,5,2022,69.79,1326,19,27.0,0.414,9.103,22.0,27.0,-0.138,-3.03,22.0,27.0,-0.015,-0.138,-0.374,0.496,22.0,71.75,287.0,4.0,27.0,0.496,10.923,22.0,27.0,-0.374,-8.222,22.0,1.0,0.0,0.0,1.0,35795958.0,140.0,-4.0,-2.240000000000002
Alex Smalley,71.0,781,11,2022,70.06,2382,34,53.0,-0.234,-9.135,39.0,53.0,0.272,10.612,39.0,53.0,0.053,0.272,-0.092,-0.128,39.0,70.2,702.0,10.0,53.0,-0.128,-4.974,39.0,53.0,-0.092,-3.588,39.0,1.0,0.0,1.0,0.0,966805.0,199.0,-71.0,11.43
Vaughn Taylor,71.0,426,6,2022,70.37,1337,19,30.0,-0.513,-8.727,17.0,30.0,-0.003,-0.053,17.0,30.0,0.45,-0.003,0.112,0.341,17.0,69.17,415.0,6.0,30.0,0.341,5.789,17.0,30.0,0.112,1.909,17.0,1.0,0.0,0.0,0.0,19269505.0,395.0,-51.0,0.46000000000000085
Adam Svensson,71.11,640,9,2022,70.09,2383,34,50.0,-0.329,-11.176,34.0,50.0,-0.048,-1.646,34.0,50.0,0.067,-0.048,0.24,-0.125,34.0,72.22,650.0,9.0,50.0,-0.125,-4.236,34.0,50.0,0.24,8.165,34.0,2.0,0.0,0.0,0.0,1042347.0,170.0,55.0,0.4200000000000017
Matthias Schwab,71.13,569,8,2022,69.67,1463,21,36.0,0.564,11.852,21.0,36.0,-0.29,-6.1,21.0,36.0,0.579,-0.29,0.402,0.468,21.0,69.88,559.0,8.0,36.0,0.468,9.828,21.0,36.0,0.402,8.442,21.0,3.0,0.0,0.0,0.0,1019459.0,175.0,-13.0,-1.7099999999999937
Curtis Thompson,71.13,569,8,2022,70.88,2268,32,45.0,0.126,3.139,25.0,45.0,0.034,0.845,25.0,45.0,-0.714,0.034,-0.41,-0.337,25.0,71.43,500.0,7.0,45.0,-0.337,-8.427,25.0,45.0,-0.41,-10.255,25.0,1.0,0.0,0.0,0.0,379268.0,415.0,48.0,0.9200000000000017
Anirban Lahiri,71.14,498,7,2022,70.52,2045,29,42.0,0.064,2.053,32.0,42.0,0.316,10.122,32.0,42.0,-0.097,0.316,-0.48,0.067,32.0,72.71,509.0,7.0,42.0,0.067,2.142,32.0,42.0,-0.48,-15.362,32.0,1.0,0.0,1.0,0.0,8666337.0,89.0,-51.0,-0.7799999999999869
Seth Reeves,71.17,427,6,2022,71.3,2139,30,39.0,-0.055,-1.15,21.0,39.0,0.541,11.356,21.0,39.0,-0.582,0.541,-0.425,-0.699,21.0,70.6,353.0,5.0,39.0,-0.699,-14.67,21.0,39.0,-0.425,-8.916,21.0,1.0,0.0,0.0,0.0,594026.0,357.0,52.0,-0.9699999999999989
Brandt Snedeker,71.17,427,6,2022,71.0,2130,30,39.0,-0.157,-4.544,29.0,39.0,-0.306,-8.871,29.0,39.0,-0.32,-0.306,-0.049,0.035,29.0,69.4,347.0,5.0,39.0,0.035,1.028,29.0,39.0,-0.049,-1.428,29.0,0.0,0.0,0.0,0.0,40453147.0,266.0,-41.0,-1.6000000000000014
Adam Long,71.18,783,11,2022,69.97,2309,33,53.0,0.555,22.767,41.0,53.0,-0.029,-1.198,41.0,53.0,-0.245,-0.029,-0.221,0.006,41.0,70.3,703.0,10.0,53.0,0.006,0.229,41.0,53.0,-0.221,-9.078,41.0,0.0,0.0,0.0,0.0,6010028.0,179.0,-19.0,-2.8100000000000023
Graeme McDowell,71.2,356,5,2022,70.4,1760,25,34.0,-0.035,-0.733,21.0,34.0,-0.4,-8.401,21.0,34.0,-0.753,-0.4,0.072,-0.424,21.0,73.2,366.0,5.0,34.0,-0.424,-8.909,21.0,34.0,0.072,1.505,21.0,0.0,0.0,0.0,0.0,18979316.0,377.0,125.0,-1.879999999999999
Doug Ghim,71.22,641,9,2022,70.55,2046,29,46.0,-0.429,-14.603,34.0,46.0,-0.145,-4.916,34.0,46.0,0.329,-0.145,0.383,0.091,34.0,70.33,633.0,9.0,46.0,0.091,3.098,34.0,46.0,0.383,13.018,34.0,1.0,0.0,0.0,0.0,2727538.0,183.0,27.0,-1.1999999999999957
Brandon Hagy,71.25,570,8,2022,71.36,2569,36,48.0,-0.175,-5.244,30.0,48.0,-0.056,-1.682,30.0,48.0,-0.661,-0.056,-0.626,0.021,30.0,71.0,426.0,6.0,48.0,0.021,0.643,30.0,48.0,-0.626,-18.794,30.0,0.0,0.0,0.0,0.0,3179865.0,273.0,15.0,1.7999999999999972
Sean O'Hair,71.25,285,4,2022,70.69,919,13,20.0,0.284,2.837,10.0,20.0,-0.247,-2.472,10.0,20.0,-0.766,-0.247,-0.874,0.354,10.0,71.0,284.0,4.0,20.0,0.354,3.545,10.0,20.0,-0.874,-8.736,10.0,0.0,0.0,0.0,0.0,24575457.0,432.0,197.41144200626957,-0.4299999999999997
Jimmy Walker,71.29,499,7,2022,71.0,2130,30,41.0,-0.3,-9.899,33.0,41.0,-0.565,-18.642,33.0,41.0,-0.248,-0.565,0.101,0.215,33.0,72.0,432.0,6.0,41.0,0.215,7.11,33.0,41.0,0.101,3.344,33.0,0.0,0.0,0.0,0.0,26589737.0,361.0,63.0,-0.8000000000000007
Brian Gay,71.33,428,6,2022,71.61,2005,28,35.0,1.136,27.271,24.0,35.0,-0.897,-21.52,24.0,35.0,-2.156,-0.897,-1.505,0.246,24.0,68.33,205.0,3.0,35.0,0.246,5.906,24.0,35.0,-1.505,-36.129,24.0,0.0,0.0,0.0,0.0,24002728.0,473.0,-18.0,-0.8900000000000006
Kurt Kitayama,71.33,428,6,2022,71.31,1854,26,34.0,-0.189,-3.406,18.0,34.0,-0.349,-6.28,18.0,34.0,-0.341,-0.349,0.395,-0.387,18.0,70.5,282.0,4.0,34.0,-0.387,-6.969,18.0,34.0,0.395,7.114,18.0,1.0,0.0,0.0,1.0,810480.0,202.0,17.0,-1.2100000000000009
Jim Knous,71.33,428,6,2022,70.47,1198,17,27.0,0.517,6.2,12.0,27.0,-0.02,-0.242,12.0,27.0,-0.079,-0.02,-0.818,0.759,12.0,71.2,356.0,5.0,27.0,0.759,9.112,12.0,27.0,-0.818,-9.817,12.0,0.0,0.0,0.0,0.0,719404.0,756.0,-28.0,-0.14999999999999947
Brendan Steele,71.33,642,9,2022,70.45,2043,29,45.0,-0.467,-15.863,34.0,45.0,0.752,25.584,34.0,45.0,0.481,0.752,-0.171,-0.101,34.0,70.0,560.0,8.0,45.0,-0.101,-3.435,34.0,45.0,-0.171,-5.807,34.0,1.0,0.0,1.0,0.0,18797566.0,133.0,-17.0,-2.960000000000001
Andrew Novak,71.38,571,8,2022,70.7,2121,30,42.0,-0.278,-6.105,22.0,42.0,-0.264,-5.798,22.0,42.0,-0.084,-0.264,0.099,0.081,22.0,69.0,414.0,6.0,42.0,0.081,1.776,22.0,42.0,0.099,2.181,22.0,0.0,0.0,0.0,0.0,331180.0,340.0,3.0,1.9499999999999993
Branden Grace,71.4,357,5,2022,71.42,1714,24,34.0,-0.726,-21.053,29.0,34.0,-0.05,-1.46,29.0,34.0,-0.624,-0.05,-0.689,0.115,29.0,69.6,348.0,5.0,34.0,0.115,3.337,29.0,34.0,-0.689,-19.981,29.0,1.0,0.0,0.0,0.0,11956183.0,94.0,0.0,-2.6199999999999903
Richy Werenski,71.43,500,7,2022,71.6,2148,30,40.0,0.202,5.645,28.0,40.0,-0.436,-12.221,28.0,40.0,-0.894,-0.436,-0.267,-0.19,28.0,71.0,355.0,5.0,40.0,-0.19,-5.322,28.0,40.0,-0.267,-7.479,28.0,0.0,0.0,0.0,0.0,5895740.0,269.0,-45.0,1.0900000000000034
Lanto Griffin,71.45,786,11,2022,69.9,2097,30,50.0,0.097,3.897,40.0,50.0,-0.04,-1.597,40.0,50.0,0.158,-0.04,0.361,-0.163,40.0,70.0,770.0,11.0,50.0,-0.163,-6.517,40.0,50.0,0.361,14.427,40.0,3.0,0.0,0.0,1.0,6391522.0,93.0,100.0,-2.799999999999997
Kiradech Aphibarnrat,71.5,429,6,2022,70.58,1341,19,29.0,-0.489,-6.847,14.0,29.0,0.092,1.293,14.0,29.0,-0.748,0.092,-0.568,-0.272,14.0,71.4,357.0,5.0,29.0,-0.272,-3.802,14.0,29.0,-0.568,-7.957,14.0,0.0,0.0,0.0,0.0,3818479.0,239.0,-177.0,0.6599999999999966
Chesson Hadley,71.5,572,8,2022,71.81,2585,36,48.0,0.476,15.224,32.0,48.0,-0.522,-16.703,32.0,48.0,-1.496,-0.522,-0.503,-0.471,32.0,71.17,427.0,6.0,48.0,-0.471,-15.085,32.0,48.0,-0.503,-16.087,32.0,0.0,0.0,0.0,0.0,9184336.0,407.0,11.0,-0.9599999999999973
John Huh,71.5,572,8,2022,70.08,1752,25,39.0,0.104,2.711,26.0,39.0,-0.097,-2.526,26.0,39.0,-0.236,-0.097,0.065,-0.203,26.0,70.29,492.0,7.0,39.0,-0.203,-5.285,26.0,39.0,0.065,1.684,26.0,1.0,0.0,0.0,0.0,9928900.0,282.0,93.0,-0.8100000000000023
Zach Johnson,71.5,429,6,2022,70.81,1912,27,38.0,0.319,10.537,33.0,38.0,-0.392,-12.931,33.0,38.0,-0.526,-0.392,-0.268,0.134,33.0,70.17,421.0,6.0,38.0,0.134,4.411,33.0,38.0,-0.268,-8.848,33.0,0.0,0.0,0.0,0.0,47604440.0,230.0,-55.0,-1.8200000000000003
Sung Kang,71.5,715,10,2022,70.73,2617,37,54.0,0.334,12.026,36.0,54.0,-0.325,-11.7,36.0,54.0,-0.948,-0.325,-0.453,-0.17,36.0,69.67,627.0,9.0,54.0,-0.17,-6.131,36.0,54.0,-0.453,-16.303,36.0,0.0,0.0,0.0,0.0,10126537.0,441.0,116.0,-0.8100000000000023
Peter Malnati,71.5,858,12,2022,70.32,2672,38,59.0,0.082,3.512,43.0,59.0,-0.307,-13.198,43.0,59.0,-0.22,-0.307,0.047,0.039,43.0,71.36,785.0,11.0,59.0,0.039,1.697,43.0,59.0,0.047,2.036,43.0,1.0,0.0,0.0,0.0,5808346.0,280.0,34.0,-1.2700000000000031
Dawie van der Walt,71.5,286,4,2022,71.89,2013,28,32.0,-0.276,-4.974,18.0,32.0,-0.146,-2.634,18.0,32.0,-0.524,-0.146,-0.252,-0.126,18.0,73.5,147.0,2.0,32.0,-0.126,-2.268,18.0,32.0,-0.252,-4.529,18.0,0.0,0.0,0.0,0.0,476992.0,504.0,-38.0,-0.7599999999999998
Nick Watney,71.5,715,10,2022,71.12,2418,34,50.0,0.119,4.516,38.0,50.0,-0.095,-3.598,38.0,50.0,-0.112,-0.095,0.306,-0.323,38.0,70.25,562.0,8.0,50.0,-0.323,-12.277,38.0,50.0,0.306,11.618,38.0,1.0,0.0,1.0,0.0,28939627.0,329.0,13.0,-0.620000000000001
Michael Thompson,71.55,787,11,2022,70.17,2105,30,48.0,0.147,5.582,38.0,48.0,-0.19,-7.212,38.0,48.0,-0.407,-0.19,-0.373,0.156,38.0,69.67,627.0,9.0,48.0,0.156,5.93,38.0,48.0,-0.373,-14.164,38.0,1.0,0.0,0.0,0.0,11769494.0,185.0,-14.0,-2.039999999999999
Joseph Bramlett,71.56,644,9,2022,70.88,2410,34,49.0,-0.986,-34.496,35.0,49.0,0.355,12.409,35.0,49.0,0.33,0.355,0.334,-0.358,35.0,71.25,570.0,8.0,49.0,-0.358,-12.545,35.0,49.0,0.334,11.703,35.0,0.0,0.0,0.0,0.0,1696307.0,219.0,-36.0,-0.09000000000000341
Kevin Chappell,71.57,501,7,2022,70.92,1702,24,35.0,-0.143,-3.424,24.0,35.0,-0.339,-8.143,24.0,35.0,-0.728,-0.339,-0.198,-0.191,24.0,70.0,420.0,6.0,35.0,-0.191,-4.581,24.0,35.0,-0.198,-4.742,24.0,0.0,0.0,0.0,0.0,16651257.0,547.0,-216.0,1.6400000000000006
Justin Lower,71.57,501,7,2022,71.17,1708,24,34.0,-0.841,-13.448,16.0,34.0,-0.874,-13.99,16.0,34.0,-1.129,-0.874,0.085,-0.339,16.0,71.0,355.0,5.0,34.0,-0.339,-5.43,16.0,34.0,0.085,1.36,16.0,0.0,0.0,0.0,0.0,225845.0,426.0,-4.0,1.2100000000000009
J.T. Poston,71.6,358,5,2022,70.77,2194,31,40.0,-0.189,-6.416,34.0,40.0,0.244,8.31,34.0,40.0,-0.13,0.244,-0.422,0.048,34.0,69.2,346.0,5.0,40.0,0.048,1.62,34.0,40.0,-0.422,-14.358,34.0,0.0,0.0,0.0,0.0,7231480.0,208.0,4.0,-2.980000000000004
Henrik Norlander,71.63,573,8,2022,70.58,2188,31,46.0,-0.479,-16.282,34.0,46.0,-0.235,-7.975,34.0,46.0,-0.033,-0.235,0.328,-0.127,34.0,70.0,560.0,8.0,46.0,-0.127,-4.301,34.0,46.0,0.328,11.158,34.0,1.0,0.0,0.0,0.0,4275881.0,225.0,-26.0,-1.9299999999999997
Scott Piercy,71.63,573,8,2022,70.77,2123,30,42.0,-0.072,-2.311,32.0,42.0,-0.276,-8.823,32.0,42.0,-0.407,-0.276,-0.257,0.126,32.0,72.33,434.0,6.0,42.0,0.126,4.036,32.0,42.0,-0.257,-8.24,32.0,0.0,0.0,0.0,0.0,21855805.0,303.0,-50.0,-1.4699999999999989
Roger Sloan,71.67,430,6,2022,70.61,2330,33,44.0,-0.065,-2.157,33.0,44.0,-0.088,-2.888,33.0,44.0,-0.156,-0.088,-0.105,0.036,33.0,71.0,426.0,6.0,44.0,0.036,1.197,33.0,44.0,-0.105,-3.473,33.0,0.0,0.0,0.0,0.0,2868025.0,267.0,6.0,-1.0799999999999983
Michael Gligic,71.71,502,7,2022,71.29,1711,24,35.0,-0.6,-12.59,21.0,35.0,-0.05,-1.04,21.0,35.0,-0.734,-0.05,-0.312,-0.372,21.0,71.5,429.0,6.0,35.0,-0.372,-7.81,21.0,35.0,-0.312,-6.561,21.0,0.0,0.0,0.0,0.0,981129.0,496.0,-13.0,-0.6199999999999992
Scott Gutschewski,71.71,502,7,2022,70.33,1688,24,34.0,-0.261,-4.175,16.0,34.0,-0.305,-4.884,16.0,34.0,0.296,-0.305,0.314,0.288,16.0,70.0,350.0,5.0,34.0,0.288,4.604,16.0,34.0,0.314,5.018,16.0,0.0,0.0,0.0,0.0,1711551.0,706.0,-53.0,-0.34000000000000075
Max McGreevy,71.71,502,7,2022,71.0,2130,30,40.0,0.108,2.592,24.0,40.0,-0.294,-7.044,24.0,40.0,-0.46,-0.294,-0.138,-0.028,24.0,70.2,351.0,5.0,40.0,-0.028,-0.667,24.0,40.0,-0.138,-3.319,24.0,1.0,0.0,1.0,0.0,628965.0,231.0,3.0,0.12999999999999545
Andrew Landry,71.75,287,4,2022,72.14,1587,22,26.0,0.224,3.802,17.0,26.0,-0.051,-0.861,17.0,26.0,-1.63,-0.051,-1.209,-0.37,17.0,67.0,134.0,2.0,26.0,-0.37,-6.295,17.0,26.0,-1.209,-20.553,17.0,2.0,0.0,0.0,0.0,6506738.0,300.0,-11.0,-2.0799999999999983
Francesco Molinari,71.83,431,6,2022,70.11,1262,18,29.0,0.042,1.014,24.0,29.0,-0.302,-7.251,24.0,29.0,-0.444,-0.302,-0.321,0.18,24.0,70.5,423.0,6.0,29.0,0.18,4.313,24.0,29.0,-0.321,-7.709,24.0,1.0,0.0,0.0,0.0,17200291.0,180.0,126.0,-0.9600000000000009
Joshua Creel,72.0,288,4,2022,72.19,1516,21,25.0,0.484,7.262,15.0,25.0,-0.071,-1.062,15.0,25.0,-1.256,-0.071,-0.964,-0.222,15.0,72.0,144.0,2.0,25.0,-0.222,-3.327,15.0,25.0,-0.964,-14.458,15.0,0.0,0.0,0.0,0.0,56278.0,359.0,-12.0,-0.6899999999999977
Bill Haas,72.0,864,12,2022,69.78,2512,36,56.0,-0.056,-1.905,34.0,56.0,-0.247,-8.401,34.0,56.0,-0.301,-0.247,-0.346,0.292,34.0,71.5,715.0,10.0,56.0,0.292,9.939,34.0,56.0,-0.346,-11.761,34.0,0.0,0.0,0.0,0.0,30625459.0,553.0,22.0,1.0099999999999998
Pat Perez,72.0,576,8,2022,70.48,2044,29,42.0,0.126,3.897,31.0,42.0,-0.376,-11.643,31.0,42.0,0.065,-0.376,0.151,0.29,31.0,70.57,494.0,7.0,42.0,0.29,8.987,31.0,42.0,0.151,4.666,31.0,2.0,0.0,0.0,0.0,28490203.0,186.0,31.0,-1.0399999999999991
Adam Schenk,72.0,576,8,2022,70.71,2475,35,49.0,0.166,5.96,36.0,49.0,-0.239,-8.612,36.0,49.0,-0.792,-0.239,-0.021,-0.532,36.0,72.43,507.0,7.0,49.0,-0.532,-19.159,36.0,49.0,-0.021,-0.742,36.0,2.0,0.0,0.0,1.0,4181306.0,176.0,-74.0,1.5799999999999983
Stephan Jaeger,72.14,505,7,2022,71.03,2344,33,45.0,0.279,9.779,35.0,45.0,-1.023,-35.791,35.0,45.0,-0.802,-1.023,-0.258,0.478,35.0,71.5,429.0,6.0,45.0,0.478,16.738,35.0,45.0,-0.258,-9.016,35.0,0.0,0.0,0.0,0.0,1402378.0,174.0,33.0,-2.039999999999999
Danny Willett,72.2,361,5,2022,70.67,1272,18,28.0,-0.298,-5.368,18.0,28.0,0.191,3.438,18.0,28.0,0.39,0.191,-0.299,0.498,18.0,69.8,349.0,5.0,28.0,0.498,8.966,18.0,28.0,-0.299,-5.381,18.0,0.0,0.0,0.0,0.0,5585102.0,158.0,-87.0,-2.1199999999999974
Jared Wolfe,72.2,361,5,2022,71.04,1989,28,35.0,-0.302,-6.944,23.0,35.0,-0.112,-2.569,23.0,35.0,-0.511,-0.112,-0.25,-0.149,23.0,69.75,279.0,4.0,35.0,-0.149,-3.434,23.0,35.0,-0.25,-5.739,23.0,0.0,0.0,0.0,0.0,135692.0,505.0,-23.0,-0.9500000000000011
Kevin Tway,72.22,650,9,2022,70.76,2335,33,47.0,0.458,16.95,37.0,47.0,-0.087,-3.209,37.0,47.0,-0.976,-0.087,-0.836,-0.053,37.0,70.14,491.0,7.0,47.0,-0.053,-1.957,37.0,47.0,-0.836,-30.949,37.0,1.0,0.0,1.0,0.0,6728411.0,263.0,43.0,-0.8800000000000026
Callum Tarren,72.25,289,4,2022,71.4,1785,25,29.0,-0.787,-12.597,16.0,29.0,0.517,8.264,16.0,29.0,-0.229,0.517,-0.084,-0.661,16.0,68.0,136.0,2.0,29.0,-0.661,-10.578,16.0,29.0,-0.084,-1.345,16.0,1.0,0.0,0.0,0.0,186046.0,431.0,56.0,-0.5700000000000003
Hayden Buckley,72.33,651,9,2022,70.76,2406,34,49.0,-0.355,-12.432,35.0,49.0,0.556,19.471,35.0,49.0,0.304,0.556,0.117,-0.369,35.0,69.5,556.0,8.0,49.0,-0.369,-12.909,35.0,49.0,0.117,4.08,35.0,2.0,0.0,0.0,0.0,833684.0,211.0,-12.0,1.3799999999999955
David Lipsky,72.38,579,8,2022,70.38,2393,34,48.0,-0.127,-4.335,34.0,48.0,-0.169,-5.746,34.0,48.0,-0.04,-0.169,0.13,-0.001,34.0,71.38,571.0,8.0,48.0,-0.001,-0.035,34.0,48.0,0.13,4.425,34.0,1.0,0.0,0.0,0.0,926177.0,188.0,-25.0,2.0899999999999963
Doc Redman,72.4,724,10,2022,70.29,2390,34,51.0,0.083,2.911,35.0,51.0,-0.087,-3.053,35.0,51.0,-0.359,-0.087,0.195,-0.467,35.0,71.56,644.0,9.0,51.0,-0.467,-16.34,35.0,51.0,0.195,6.83,35.0,0.0,0.0,0.0,0.0,3909610.0,259.0,-51.0,-0.02999999999999403
Sam Ryder,72.4,724,10,2022,70.46,2466,35,54.0,0.155,6.842,44.0,54.0,-0.235,-10.344,44.0,54.0,-0.292,-0.235,-0.123,0.066,44.0,70.4,704.0,10.0,54.0,0.066,2.903,44.0,54.0,-0.123,-5.415,44.0,2.0,0.0,0.0,0.0,4634631.0,206.0,19.0,-1.1699999999999946
Kyle Stanley,72.4,362,5,2022,71.51,2503,35,43.0,-1.138,-30.731,27.0,43.0,0.235,6.335,27.0,43.0,-0.144,0.235,0.053,-0.432,27.0,67.75,271.0,4.0,43.0,-0.432,-11.651,27.0,43.0,0.053,1.418,27.0,0.0,0.0,0.0,0.0,16973181.0,314.0,15.0,-1.8200000000000003
Kelly Kraft,72.5,290,4,2022,71.33,2140,30,35.0,0.783,18.008,23.0,35.0,-0.602,-13.855,23.0,35.0,-1.773,-0.602,-0.698,-0.472,23.0,72.0,216.0,3.0,35.0,-0.472,-10.86,23.0,35.0,-0.698,-16.057,23.0,0.0,0.0,0.0,0.0,4763539.0,694.0,20.0,-0.15000000000000036
Brice Garnett,72.56,653,9,2022,70.35,2392,34,49.0,0.158,5.206,33.0,49.0,-0.039,-1.285,33.0,49.0,-0.35,-0.039,-0.345,0.034,33.0,71.0,568.0,8.0,49.0,0.034,1.132,33.0,49.0,-0.345,-11.386,33.0,1.0,0.0,0.0,0.0,6021488.0,302.0,-51.0,0.7800000000000011
Austin Cook,72.57,508,7,2022,71.21,1994,28,39.0,-0.032,-0.734,23.0,39.0,-0.231,-5.315,23.0,39.0,-0.989,-0.231,-0.778,0.02,23.0,71.17,427.0,6.0,39.0,0.02,0.465,23.0,39.0,-0.778,-17.904,23.0,0.0,0.0,0.0,0.0,5438872.0,411.0,-8.0,-1.0500000000000007
Brett Drewitt,72.67,436,6,2022,71.67,1720,24,32.0,-1.067,-17.065,16.0,32.0,-0.022,-0.344,16.0,32.0,-0.006,-0.022,-0.403,0.418,16.0,69.75,279.0,4.0,32.0,0.418,6.693,16.0,32.0,-0.403,-6.449,16.0,0.0,0.0,0.0,0.0,301740.0,526.0,-19.0,-0.6799999999999997
Charl Schwartzel,72.67,218,3,2022,72.89,1385,19,23.0,-1.321,-22.458,17.0,23.0,-0.977,-16.615,17.0,23.0,-1.459,-0.977,-0.409,-0.073,17.0,72.0,144.0,2.0,23.0,-0.073,-1.248,17.0,23.0,-0.409,-6.961,17.0,0.0,0.0,0.0,0.0,20175600.0,171.0,-67.0,-2.0600000000000023
Austin Smotherman,72.88,583,8,2022,70.88,1843,26,39.0,-0.381,-9.516,25.0,39.0,0.415,10.367,25.0,39.0,0.575,0.415,0.619,-0.458,25.0,69.71,488.0,7.0,39.0,-0.458,-11.449,25.0,39.0,0.619,15.467,25.0,0.0,0.0,0.0,0.0,359158.0,308.0,29.0,2.030000000000001
Jim Herman,73.0,438,6,2022,70.83,1629,23,33.0,-0.409,-10.219,25.0,33.0,-0.112,-2.79,25.0,33.0,-0.592,-0.112,-0.238,-0.242,25.0,70.4,352.0,5.0,33.0,-0.242,-6.061,25.0,33.0,-0.238,-5.96,25.0,1.0,0.0,0.0,0.0,8213131.0,289.0,54.0,-1.7399999999999984
Peter Uihlein,73.13,585,8,2022,70.58,1694,24,36.0,-0.093,-1.668,18.0,36.0,-0.308,-5.547,18.0,36.0,-0.205,-0.308,-0.047,0.15,18.0,70.67,424.0,6.0,36.0,0.15,2.707,18.0,36.0,-0.047,-0.843,18.0,0.0,0.0,0.0,0.0,4024441.0,285.0,-31.0,7.449999999999999
Bronson Burgoon,73.33,440,6,2022,71.54,2003,28,37.0,0.068,1.839,27.0,37.0,-0.488,-13.178,27.0,37.0,-0.929,-0.488,-0.199,-0.242,27.0,70.8,354.0,5.0,37.0,-0.242,-6.54,27.0,37.0,-0.199,-5.366,27.0,0.0,0.0,0.0,0.0,3891531.0,354.0,99.0,-0.8000000000000007
David Skinns,73.5,441,6,2022,71.5,1859,26,34.0,-0.271,-5.423,20.0,34.0,-0.511,-10.218,20.0,34.0,-0.918,-0.511,-0.361,-0.046,20.0,72.5,290.0,4.0,34.0,-0.046,-0.916,20.0,34.0,-0.361,-7.215,20.0,0.0,0.0,0.0,0.0,145951.0,320.0,-8.0,-0.7800000000000011
Chase Seiffert,74.0,444,6,2022,69.4,1041,15,25.0,-0.209,-2.295,11.0,25.0,-0.138,-1.515,11.0,25.0,0.567,-0.138,0.527,0.177,11.0,69.4,347.0,5.0,25.0,0.177,1.945,11.0,25.0,0.527,5.801,11.0,0.0,0.0,0.0,0.0,1780248.0,392.0,-94.0,0.34999999999999787
